Datetime,T_amb,T_20cm,T_30cm,T_10cm,Humidity,v_wind,dir_wind,P_atm,R_Wm2,dir_wind_(bin),dir_wind_(discrete),v_max,dir_max,v_min,dir_min,v_wind_rd,v_max_rd,v_min_rd
2021-03-27 00:00:00,6.132212402127663,12.829787234042554,11.9375,6.226063829787234,8.241157640425534,16.076655540586838,0.964590608495854,0.6069529148936169,794.2430432234044,N,7.5,27.7611,335.0,3.6210000000000004,356.0,15,30,5
2021-03-27 12:00:00,6.31581536083333,11.882204861111111,11.866579861111111,12.110069444444445,11.309252369166668,19.413967876501978,356.90243097652933,0.6049802465277765,434.4764775688885,N,7.5,45.8662,341.0,6.035,23.0,20,45,5
2021-03-28 00:00:00,1.0967445379166667,11.70529513888889,11.655555555555555,7.210416666666666,15.446016047916704,13.054672919093257,43.24076322306368,0.6008529483333354,172.71097959236113,NE,52.5,33.7961,352.0,0.0,327.0,15,35,0
2021-03-28 12:00:00,6.518966685972223,10.600260416666666,11.490190972222223,10.811545138888889,14.885234358888898,20.56940275275471,349.14146051645287,0.6037385680555518,431.26967568180555,NNW,345.0,48.2802,327.0,8.449,0.0,20,50,10
2021-03-29 00:00:00,0.10929074500000062,10.853993055555556,11.287413194444444,6.490625,17.863760579027794,12.110003165123931,34.59083901952863,0.6007852204166669,171.39947806305554,NNE,30.0,30.1751,0.0,0.0,57.0,10,30,0
2021-03-29 12:00:00,6.583972669583326,9.968489583333334,11.144184027777778,10.35859375,20.042747448611117,19.379875481873395,358.3627918252263,0.60514443541667,421.93982019388875,N,7.5,44.6592,340.0,2.414,319.0,20,45,0
2021-03-30 00:00:00,0.9907596029166663,10.410763888888889,10.973090277777779,6.2868055555555555,16.09486426361114,10.443583888750947,40.78990495182367,0.6018996524999939,170.60117273180546,NNE,30.0,25.3471,342.0,0.0,24.0,10,25,0
2021-03-30 12:00:00,8.941021811527786,9.653645833333334,10.8640625,10.603559027777777,13.972048814444456,12.944531943419928,347.7855452655501,0.6054543418055578,419.66709300458365,NNW,345.0,42.2452,7.0,0.0,251.0,15,40,0
2021-03-31 00:00:00,1.8505701219444441,10.24296875,10.717100694444444,6.685329861111111,17.773882073750027,13.375425253927508,40.09181771069544,0.6015794841666632,170.04724648999994,NNE,30.0,28.9681,0.0,0.0,293.0,15,30,0
2021-03-31 12:00:00,7.438405484583319,9.622482638888888,10.657378472222222,10.797222222222222,13.050735846666667,17.233072810581586,345.80974876756954,0.6044876798611103,422.36612644583334,NNW,345.0,50.6942,329.0,6.035,18.0,15,50,5
2021-04-01 00:00:00,0.7138883515277779,10.183854166666666,10.548263888888888,6.552083333333333,24.437151539305596,15.190061481987035,34.66607890587849,0.5996646312500048,168.76832864430554,NNE,30.0,32.5891,3.0,8.449,19.0,15,35,10
2021-04-01 12:00:00,5.704142229444433,9.492795138888889,10.497395833333334,10.07595486111111,15.833462132500015,20.498677595125862,354.96808346285167,0.6037385680555525,415.55337722694463,NNW,345.0,49.4872,353.0,8.449,45.0,20,50,10
2021-04-02 00:00:00,0.23952618166666742,9.898958333333333,10.402256944444444,5.612326388888889,16.50791120902781,8.05462261516364,45.84114711198691,0.6008467912499995,166.79700137861113,NE,52.5,24.1401,358.0,0.0,8.0,10,25,0
2021-04-02 12:00:00,7.591252914027767,9.112847222222221,10.349479166666667,10.275954861111112,16.716210380138914,9.825886921190172,323.0340118694741,0.6054215041666706,409.2158089986113,NW,322.5,49.4872,271.0,1.207,258.0,10,50,0
2021-04-03 00:00:00,2.016257862638892,9.76388888888889,10.227604166666667,6.575260416666667,12.850697358333328,12.470891153813758,73.1471021260424,0.6025687172222173,163.28608694736113,ENE,75.0,25.3471,79.0,0.0,200.0,10,25,0
2021-04-03 12:00:00,8.84053325902777,9.260763888888889,10.184809027777778,11.283940972222222,19.733744932638913,10.170695025087857,253.62260478034887,0.6066857504166695,390.8710723213888,WSW,255.0,54.3152,283.0,1.207,309.0,10,55,0
2021-04-04 00:00:00,2.564429460833332,9.997743055555556,10.125,7.403298611111111,16.501532186805544,9.525495399526715,82.01187041295381,0.6026774970833291,151.3712396263888,ENE,75.0,25.3471,338.0,0.0,48.0,10,25,0
2021-04-04 12:00:00,9.300089380277772,9.509722222222223,10.125,10.761024305555555,25.135816397083367,23.576357336639056,352.51402127501547,0.6051546970833352,345.9948953393059,NNW,345.0,48.2802,324.0,10.863,331.0,25,50,10
2021-04-05 00:00:00,0.707378764027778,9.91579861111111,10.0875,6.294791666666667,26.10806311847227,15.394204343789262,45.428407619517316,0.6019858516666621,163.77755941944434,NE,52.5,37.4172,360.0,7.242000000000001,13.0,15,35,5
2021-04-05 12:00:00,8.113461260277774,9.196961805555556,10.08220486111111,10.353559027777777,24.90637600611116,20.217215463410525,0.9127632699361925,0.6071311100000033,400.48332542388863,N,7.5,43.4522,349.0,4.828,360.0,20,45,5
2021-04-06 00:00:00,0.23136327013888847,9.733767361111111,10.006597222222222,6.225173611111111,23.845272525555593,8.387825419742004,79.11814620483261,0.6028355181944385,163.6472246381943,ENE,75.0,24.1401,82.0,0.0,137.0,10,25,0
2021-04-06 12:00:00,10.907453879027784,9.06953125,9.985416666666667,10.852690972222222,19.943547176527787,8.15034997275033,326.0129099527563,0.6079499677777833,399.28586717000024,NW,322.5,41.0382,299.0,0.0,245.0,10,40,0
2021-04-07 00:00:00,3.5154030156944436,9.780729166666667,9.90703125,7.199826388888889,29.369830612361156,8.25218976191273,43.06847866050185,0.6042926976388878,153.83675364583334,NE,52.5,31.3821,355.0,0.0,213.0,10,30,0
2021-04-07 12:00:00,7.604480614861108,9.302777777777777,9.918663194444445,10.898090277777778,25.50596613819446,20.625891864627167,357.49902331069325,0.607297333333339,339.15498933791673,N,7.5,44.6592,352.0,6.035,8.0,20,45,5
2021-04-08 00:00:00,2.111070510138889,9.839583333333334,9.875,7.2418402777777775,27.143869987361196,17.426645017649943,34.71587922448788,0.6031187547222195,137.9086568190277,NNE,30.0,37.4172,14.0,7.242000000000001,67.0,15,35,5
2021-04-08 12:00:00,7.916745194861114,9.287934027777778,9.875086805555556,10.26935763888889,18.411620792361127,18.29052816586948,356.6777888747621,0.6067350069444469,375.71684218124994,N,7.5,43.4522,347.0,6.035,358.0,20,45,5
2021-04-09 00:00:00,3.7082615606944502,9.674305555555556,9.838541666666666,6.147048611111111,14.299119772777772,15.569089564532625,46.06797116262385,0.6031741674999964,161.6433142605555,NE,52.5,30.1751,337.0,4.828,317.0,15,30,5
2021-04-09 12:00:00,8.488481856111118,8.984375,9.824565972222222,10.214322916666667,16.569117517916666,23.483410609810655,0.6265880905671111,0.6068704625000045,386.54013074138896,N,7.5,47.0732,352.0,9.656,332.0,25,45,10
2021-04-10 00:00:00,3.2737308125000038,9.537239583333333,9.754774305555555,7.151041666666667,14.548036314722223,16.387450128635177,35.70325544875004,0.6030941266666671,122.5073317947222,NNE,30.0,33.7961,357.0,9.656,35.0,15,35,10
2021-04-10 12:00:00,11.528794906249995,9.121527777777779,9.747222222222222,10.423958333333333,13.040770757916658,23.366704447280288,359.0430927818121,0.6061152016666678,382.0028234519437,N,7.5,57.9362,354.0,9.656,80.0,25,60,10
2021-04-11 00:00:00,5.366183199999998,9.555642361111111,9.688802083333334,5.900520833333333,10.898271724444427,12.355043787101739,46.43154811903605,0.6028786249999947,160.12273175611094,NE,52.5,31.3821,360.0,0.0,48.0,10,30,0
2021-04-11 12:00:00,8.84157594375,8.821180555555555,9.685069444444444,10.169097222222222,11.187572683333327,18.45492554327851,2.038486682448365,0.6072398768055597,388.84272690416674,N,7.5,45.8662,327.0,8.449,8.0,20,45,10
2021-04-12 00:00:00,4.312427118888889,9.363628472222222,9.625347222222222,6.039756944444444,12.536375463055563,8.754842039443732,56.76104038038352,0.6039520020833314,159.71271772277765,NE,52.5,24.1401,46.0,0.0,42.0,10,25,0
2021-04-12 12:00:00,11.050871978611111,8.743402777777778,9.602170138888889,10.582725694444445,7.923478479861103,16.515717051777667,0.12430318919820138,0.6085040959722297,382.8065583427775,N,7.5,43.4522,352.0,3.6210000000000004,30.0,15,45,5
2021-04-13 00:00:00,3.9218544644444404,9.40390625,9.526388888888889,6.579513888888889,9.706319631944428,7.589814192322565,55.43848352143898,0.6049946002777762,151.23004159958336,NE,52.5,22.9331,54.0,0.0,150.0,10,25,0
2021-04-13 12:00:00,9.967860136527785,8.842621527777778,9.537239583333333,10.735069444444445,15.270803445416686,10.185941358560276,292.09508118111233,0.6087955279166744,375.9422146398614,WNW,300.0,48.2802,279.0,1.207,247.0,10,50,0
2021-04-14 00:00:00,3.573839853194438,9.468402777777778,9.499479166666667,6.772309027777778,11.29914647527776,12.523407745480561,48.271674668520404,0.6038062930555536,155.6288686141667,NE,52.5,30.1751,342.0,4.828,315.0,15,30,5
2021-04-14 12:00:00,7.025787038055546,8.899131944444445,9.5,10.134114583333334,15.876313901527787,20.975629279700453,347.4620528179677,0.6058319755555586,376.050827295972,NNW,345.0,54.3152,343.0,3.6210000000000004,352.0,20,55,5
2021-04-15 00:00:00,-0.0893470897222213,9.28515625,9.451909722222222,5.515364583333334,24.252367351250022,12.409614653377265,50.50814953667165,0.6011053887499989,157.5241655211111,NE,52.5,26.5541,353.0,0.0,237.0,10,25,0
2021-04-15 12:00:00,7.367158337222218,8.500868055555555,9.441927083333333,9.269444444444444,15.706181456111107,10.505884140881005,337.234621742434,0.6049289375000024,344.7702807898612,NNW,345.0,39.8312,335.0,0.0,235.0,10,40,0
2021-04-16 00:00:00,0.19358692402777783,8.904253472222223,9.3640625,5.219357638888889,16.5189314469445,9.036638648950925,74.08946200309931,0.6011279647222213,155.89497081958334,ENE,75.0,24.1401,81.0,0.0,9.0,10,25,0
2021-04-16 12:00:00,7.84584033749999,8.232378472222223,9.309809027777778,9.71484375,22.40212117694447,9.584087272995717,333.98390351521255,0.6056595779166689,371.3315938198609,NNW,345.0,39.8312,269.0,0.0,237.0,10,40,0
2021-04-17 00:00:00,-0.038521834583332124,8.857378472222223,9.221875,5.622482638888889,25.41079554236115,9.843885625162793,79.99377376758784,0.6017128876388866,155.40349690124998,ENE,75.0,24.1401,78.0,0.0,36.0,10,25,0
2021-04-17 12:00:00,7.699249079305544,8.262326388888889,9.196527777777778,9.84357638888889,21.73371958500002,7.810366060837315,258.45558509286474,0.6058052954166692,369.8707487888885,WSW,255.0,36.2102,231.0,2.414,332.0,10,35,0
2021-04-18 00:00:00,0.6979202352777764,8.841753472222223,9.131597222222222,5.372482638888889,15.673446182083351,10.837015705021704,87.00659769519987,0.6017724052777744,152.86466772569443,E,97.5,25.3471,80.0,0.0,295.0,10,25,0
2021-04-18 12:00:00,10.856718483750008,8.167708333333334,9.12109375,9.659461805555555,22.880007377500043,8.843806739836177,246.89687633089483,0.6063553251388915,365.2601276445833,WSW,255.0,43.4522,241.0,1.207,262.0,10,45,0
2021-04-19 00:00:00,0.35197588638888844,8.740972222222222,9.062847222222222,5.572048611111111,20.09208725208335,12.2990399553701,76.47764129542162,0.6027390645833276,150.73313734527775,ENE,75.0,25.3471,81.0,0.0,83.0,10,25,0
2021-04-19 12:00:00,7.641229256666661,8.143402777777778,9.048524305555556,9.429340277777778,15.981136357083344,10.937377343316912,313.36462900801587,0.606579024305558,362.53937258902755,NW,322.5,45.8662,298.0,1.207,215.0,10,45,0
2021-04-20 00:00:00,1.0997237484722209,8.62109375,8.995225694444445,5.253819444444445,21.31094965680561,14.402092736577483,44.70229882603175,0.6026487643055513,129.4015426481944,NE,52.5,25.3471,337.0,2.414,347.0,15,25,0
2021-04-20 12:00:00,5.20345926680555,7.909288194444445,8.971006944444444,6.638715277777778,25.710783590277792,31.904952103087247,352.1200807530631,0.6027226493055499,181.33756968486122,NNW,345.0,54.3152,331.0,8.449,0.0,30,55,10
2021-04-21 00:00:00,-0.9901654988888939,7.728298611111111,8.872135416666667,2.5870659722222222,32.25812415500005,19.510301526879946,22.87804177677077,0.5986938644444469,152.60942664569438,NNE,30.0,38.6242,0.0,10.863,22.0,20,40,10
2021-04-21 12:00:00,5.520326310138875,6.8753472222222225,8.754861111111111,6.438888888888889,21.459730394166694,22.165340059630513,356.5566535737636,0.6033629859722173,366.5037458429163,N,7.5,49.4872,351.0,7.242000000000001,17.0,20,50,5
2021-04-22 00:00:00,0.3691512911111114,7.274131944444444,8.57734375,3.4983506944444445,17.176500484722276,22.13615635305417,29.262235736184493,0.598654869583335,151.65634729583337,NNE,30.0,47.0732,340.0,14.4841,27.0,20,45,15
2021-04-22 12:00:00,4.280460288333334,6.741059027777778,8.469097222222222,6.207465277777778,27.501249646527793,32.19743520895121,352.3920652310064,0.6003070202777833,358.4093617090278,NNW,345.0,62.7643,0.0,15.6911,44.0,30,65,15
2021-04-23 00:00:00,-4.028049731944458,7.001475694444444,8.337152777777778,2.388541666666667,30.755172763472288,21.14966344965893,11.720193482429096,0.5950099037500015,148.46855549069434,N,7.5,55.5222,356.0,10.863,26.0,20,55,10
2021-04-23 12:00:00,0.162290640138891,6.250434027777778,8.239496527777778,4.8941840277777775,37.514996457777784,25.752718083549304,347.2456589116681,0.5984434763888944,347.6702513355549,NNW,345.0,56.7292,331.0,13.2771,3.0,25,55,15
2021-04-24 00:00:00,-4.345155013472244,6.389236111111111,8.084288194444444,1.3821180555555554,33.06730011138894,12.555397959827829,41.34782218082407,0.595925240694447,146.29086502777784,NE,52.5,32.5891,344.0,0.0,17.0,15,35,0
2021-04-24 12:00:00,7.201456689999996,5.709895833333333,7.953385416666666,5.535850694444444,30.791485121805575,8.794345878604311,337.81170177574506,0.6008508959722205,350.5593568875002,NNW,345.0,45.8662,342.0,0.0,136.0,10,45,0
2021-04-25 00:00:00,-2.261998111805555,6.230555555555555,7.790017361111111,1.9153645833333333,45.80287436750003,4.815956049608292,90.60035563021056,0.5972448976388895,144.47702832194443,E,97.5,18.1051,81.0,0.0,220.0,5,20,0
2021-04-25 12:00:00,4.346330323333335,5.673177083333333,7.700520833333333,6.236371527777778,29.010881246944464,9.190027723623123,344.7034095053861,0.6022280302777703,347.6485281608333,NNW,345.0,33.7961,360.0,2.414,9.0,10,35,0
2021-04-26 00:00:00,-1.9119135879166622,6.314409722222222,7.579600694444444,2.7921875,26.009868063888963,14.71379166929045,42.347185313442225,0.5992541590277843,145.45182983500004,NE,52.5,28.9681,41.0,0.0,3.0,15,30,0
2021-04-26 12:00:00,4.902530913055559,5.820746527777778,7.539670138888889,6.2008680555555555,25.72380061152781,18.062753099764603,358.5179309180105,0.602533832083326,349.8669491737498,N,7.5,41.0382,357.0,7.242000000000001,334.0,20,40,5
2021-04-27 00:00:00,-0.5953775884722222,6.297395833333334,7.452170138888889,2.2778645833333333,17.15277069138891,15.765696580039815,49.06180000390975,0.5986979691666694,146.70359476180556,NE,52.5,35.0031,344.0,3.6210000000000004,35.0,15,35,5
2021-04-27 12:00:00,3.7226510051388786,5.635590277777778,7.420920138888889,5.327604166666666,23.108982970416687,19.10241186551521,355.8626566922287,0.6018093486111055,343.48593284958315,NNW,345.0,43.4522,346.0,7.242000000000001,53.0,20,45,5
2021-04-28 00:00:00,-1.149269292777779,5.994270833333333,7.326302083333333,2.033072916666667,36.6996896894445,19.002903851211045,58.75477257962001,0.5986815502777781,141.23221472263884,NE,52.5,33.7961,84.0,1.207,35.0,20,35,0
2021-04-28 12:00:00,6.345533953333344,5.4631944444444445,7.268836805555556,5.795920138888889,27.60041668513894,9.309654538811875,352.73820838484016,0.6029176236111053,336.2848892643057,NNW,345.0,48.2802,357.0,1.207,8.0,10,50,0
2021-04-29 00:00:00,-3.6565591023611153,5.956510416666666,7.172829861111111,2.0106770833333334,32.86511361069449,11.241565924075134,86.01397109700996,0.5995291754166727,143.33930674763891,ENE,75.0,22.9331,90.0,1.207,145.0,10,25,0
2021-04-29 12:00:00,4.067656529305551,5.392708333333333,7.123958333333333,6.232638888888889,23.815808651388906,6.350700095155261,326.0055015927762,0.6034635516666615,341.8404453205555,NW,322.5,55.5222,334.0,1.207,257.0,5,55,0
2021-04-30 00:00:00,-0.46129867111111206,5.972916666666666,7.059895833333333,1.98671875,22.226956888611106,10.900999366979963,80.7750971004294,0.5991412791666721,143.77647433444437,ENE,75.0,24.1401,74.0,0.0,86.0,10,25,0
2021-04-30 12:00:00,5.760822141527773,5.336631944444444,7.03125,5.855295138888889,24.08449803847225,10.439902733793781,337.16493691673384,0.6032090588888828,339.3586367990275,NNW,345.0,38.6242,344.0,2.414,333.0,10,40,0
2021-05-01 00:00:00,3.3872991556944454,5.8167534722222225,6.9469618055555555,1.7551215277777779,25.1867896527778,10.711468249618079,60.85851434078782,0.6004958375000005,141.06929570458334,NE,52.5,25.3471,80.0,0.0,90.0,10,25,0
2021-05-01 12:00:00,9.210195061048143,5.190686968838527,6.919351983002833,6.031427053824363,17.83906684291788,16.69150206108719,5.60720258955547,0.6039959562322922,327.6676082899431,N,7.5,41.0382,0.0,3.6210000000000004,340.0,15,40,5
2021-05-02 00:00:00,3.400705113333339,5.695138888888889,6.828385416666666,1.7886284722222223,12.032747601527767,14.457069457031649,43.89344677313977,0.6014378712499959,140.66199625583334,NE,52.5,24.1401,51.0,0.0,310.0,15,25,0
2021-05-02 12:00:00,11.562535035555543,5.164756944444444,6.802170138888889,6.049305555555556,19.98971111791667,20.51002249546847,358.93225389253735,0.604027950972219,336.38807123861113,N,7.5,50.6942,337.0,6.035,28.0,20,50,5
2021-05-03 00:00:00,3.6688031976388906,5.697048611111111,6.744704861111111,2.327170138888889,36.540597232638945,27.329377987066326,22.878643199953643,0.5988005872222235,123.1318566852778,NNE,30.0,51.9012,19.0,14.4841,71.0,25,50,15
2021-05-03 12:00:00,3.8348324961111064,5.200954861111111,6.720659722222222,4.794704861111111,51.92070570291666,46.287378843645484,349.0852478095774,0.6012244256944392,307.50787335055577,NNW,345.0,72.4203,332.0,20.5191,358.0,45,70,20
2021-05-04 00:00:00,0.9413503745833363,5.479947916666666,6.65546875,3.1558159722222223,88.39746614416666,34.20617378653827,359.1110041620782,0.5982669733333336,57.657217288333335,N,7.5,62.7643,0.0,13.2771,19.0,35,65,15
2021-05-04 12:00:00,5.334783269583337,5.253819444444445,6.6246527777777775,4.283420138888889,54.48786836486115,43.37593450859216,352.3677803912068,0.599531227777782,229.9717603333336,NNW,345.0,70.0063,333.0,26.5541,360.0,45,70,25
2021-05-05 00:00:00,-2.9804903379166636,5.225,6.571354166666667,0.4522569444444444,65.2010731515279,37.74957178036248,0.9408086976674781,0.5959662773611144,107.56761090027769,N,7.5,63.9713,355.0,21.7261,342.0,40,65,20
2021-05-05 12:00:00,7.801318123472226,4.521614583333333,6.521961805555556,3.380121527777778,53.36815180708331,33.56701640470129,348.2791769907709,0.5990653418055614,327.51438922791647,NNW,345.0,70.0063,352.0,10.863,24.0,35,70,10
2021-05-06 00:00:00,0.49195447791666685,4.651388888888889,6.3980902777777775,-0.378125,39.99627239652786,21.02263077420911,29.471400990611585,0.5984742618055575,138.37569235027783,NNE,30.0,39.8312,0.0,1.207,313.0,20,40,0
2021-05-06 12:00:00,8.806928955694453,4.0758680555555555,6.294704861111111,5.127864583333333,17.531841144444478,15.295251603959045,9.691895580647525,0.6048755761111114,320.7179311972219,N,7.5,31.3821,337.0,2.414,340.0,15,30,0
2021-05-07 00:00:00,0.5596702450000001,4.890798611111111,6.167795138888889,2.942013888888889,20.779079388333347,18.816392212812882,18.835463887232265,0.6005327799999951,47.94721479708335,NNE,30.0,53.1082,1.0,8.449,12.0,20,55,10
2021-05-07 12:00:00,7.9822884236111005,4.797829861111111,6.136024305555556,4.9078125,29.261456926805586,30.94707668914197,354.050431670726,0.6019591709722183,284.27826695805544,NNW,345.0,74.8343,342.0,12.07,26.0,30,75,10
2021-05-08 00:00:00,0.960122815993266,5.1044823232323235,6.125105218855219,1.5993265993265993,27.71786699562294,20.877740039242237,47.28390727606103,0.6222303563973044,4.377601881313131,NE,52.5,236.0,39.41,12.07,66.0,20,235,10
2021-05-28 12:00:00,3.8846653195266247,3.2511094674556213,4.685650887573964,0.2677514792899408,57.77397340532545,4.83413097923451,136.75558132280744,0.6052754100591723,684.5280284355022,SE,142.5,15.6911,112.0,0.0,209.0,5,15,0
2021-05-29 00:00:00,-0.7594476787794701,3.0556518723994452,4.6136442441054095,0.5140429958391124,73.29620051595012,11.42538303253124,85.1924082125161,0.5981729689320464,82.97371456657423,ENE,75.0,25.3471,79.0,0.0,352.0,10,25,0
2021-05-29 12:00:00,3.426431192083325,2.7680555555555557,4.529427083333333,-1.53203125,68.62330020625011,4.293881631022674,45.04456695152848,0.6016779815277742,290.6701375993053,NE,52.5,21.7261,56.0,0.0,27.0,5,20,0
2021-05-30 00:00:00,-2.5946101511111093,2.3432291666666667,4.425,-0.59140625,48.75582846763892,13.041208389875237,78.25132969074782,0.600655919583332,98.38166629152782,ENE,75.0,26.5541,88.0,0.0,291.0,15,25,0
2021-05-30 12:00:00,-2.5698156831343275,1.926026119402985,4.273787313432836,-2.4527985074626866,49.33876574895525,10.456249202671007,91.4645579604963,0.602297178656713,143.03555762358215,E,97.5,27.7611,79.0,0.0,264.0,10,30,0
2021-05-31 00:00:00,-1.9408708658333331,1.5261284722222221,4.086197916666666,-1.8688368055555555,42.20051188430565,20.065635470062325,82.26812264597173,0.6004609473611044,0.0,ENE,75.0,26.5541,83.0,0.0,228.0,20,25,0
2021-05-31 12:00:00,6.609639564722215,1.230642361111111,3.926041666666667,-1.8190972222222221,40.93034951236119,3.6423216907019924,223.5446951289376,0.6073342713888872,424.5655481087501,SW,232.5,25.3471,80.0,0.0,223.0,5,25,0
2021-06-01 00:00:00,-2.2693422880555585,1.3219618055555555,3.7644965277777778,-0.7883680555555556,46.61656743694452,20.6293786021267,82.43408668990038,0.6001346219444353,0.0,ENE,75.0,27.7611,82.0,9.656,62.0,20,30,10
2021-06-01 12:00:00,12.066960599536332,1.1749420401854713,3.642774343122102,0.015552550231839258,49.73623280015466,5.381137315795928,229.8636889930264,0.6049320778979925,378.7357546553312,SW,232.5,22.9331,281.0,0.0,207.0,5,25,0
2021-06-02 00:00:00,9.385258961565844,1.9331628113879002,3.5116770462633453,2.129670818505338,28.49347787597869,17.889301184454176,349.9153659929054,0.603975137366548,451.78335843523024,NNW,345.0,42.2452,309.0,0.0,214.0,20,40,0
2021-06-02 12:00:00,1.966096654076544,1.4460274542429286,3.3185316139767056,1.7955490848585691,36.90807389650585,16.014144397498193,348.7690502996011,0.6001039765390973,80.43290579500842,NNW,345.0,45.8662,325.0,2.414,60.0,15,45,0
2021-06-03 00:00:00,-1.5373398606397877,0.7612134909596662,3.0877086230876216,-3.027468706536857,52.026343198748286,5.424375391017836,45.60054046452228,0.6007452892906885,297.4099164311539,NE,52.5,22.9331,53.0,1.207,186.0,5,25,0
2021-06-03 12:00:00,4.121561853935866,0.5636844023323615,2.9374088921282797,1.5951166180758019,37.34335144285722,8.615964704350896,96.3099962029404,0.6004672959183603,90.39325989577262,E,97.5,27.7611,255.0,0.0,214.0,10,30,0
2021-06-04 00:00:00,0.23066386625000138,1.0048611111111112,2.824565972222222,-4.141232638888889,27.862200286250033,5.710463652806251,201.5181274978274,0.6013598815277769,314.20386426486033,SSW,210.0,19.3121,225.0,0.0,197.0,5,20,0
2021-06-04 12:00:00,15.373531540563379,1.0044894366197183,2.846654929577465,4.054489436619718,20.799995395211276,3.1886960952255974,321.90748911725257,0.605971132253519,329.7867363408444,NW,322.5,31.3821,337.0,0.0,302.0,5,30,0
2021-06-05 00:00:00,0.39101901138888623,2.2078125,2.9106770833333333,1.9217881944444444,18.082221683333366,16.8233020853768,60.358944736799344,0.5995743273611042,0.0,NE,52.5,27.7611,89.0,9.656,46.0,15,30,10
2021-06-05 12:00:00,9.7358838229064,2.1448583743842367,2.9622844827586206,-2.5272475369458127,38.27347864014781,18.280494247213234,7.728150321394708,0.6022237637931003,391.45948710492615,N,7.5,47.0732,360.0,0.0,295.0,20,45,0
2021-06-30 00:00:00,0.7947584749999996,-4.391493055555555,-1.4375,-7.872395833333333,29.155962574999997,2.6277806085164532,221.36532950454097,0.6087257763888894,662.294971823611,SW,232.5,6.035,209.0,0.0,206.0,5,5,0
2021-06-30 12:00:00,7.303139495204518,-4.2730077574047955,-1.4374118476727786,-1.5610014104372356,31.43315793215797,14.963670215506589,54.8896897951026,0.603184718053591,249.50538002172067,NE,52.5,28.9681,85.0,0.0,236.0,15,30,0
2021-07-01 00:00:00,-0.9557706456944426,-3.3489583333333335,-1.4077256944444445,-6.377430555555556,20.0005239213889,20.393340438566657,45.63301171799051,0.6003357533333354,167.65776032791655,NE,52.5,27.7611,41.0,10.863,17.0,20,30,10
2021-07-01 12:00:00,25.588594304761905,-3.5282738095238093,-1.3660714285714286,-5.654761904761905,47.59981859285714,17.637226775077284,25.555563046747096,0.60553585,693.8974884904761,NNE,30.0,22.9331,18.0,13.2771,26.0,20,25,15
2021-07-07 12:00:00,0.7508361535262232,-0.8468580470162749,0.31103074141048825,3.5515370705244123,17.536833839963837,14.004427316263545,89.80521329116831,0.6022557835442987,119.19698822567807,E,97.5,31.3821,85.0,0.0,234.0,15,30,0
2021-07-08 00:00:00,-2.916065606111117,0.05130208333333333,0.3107638888888889,-2.441145833333333,19.170029485416677,19.13141230466041,85.97179714917297,0.6003460151388903,167.6414678781943,ENE,75.0,30.1751,83.0,0.0,198.0,20,30,0
2021-07-08 12:00:00,0.7606170106944385,-0.1373263888888889,0.40850694444444446,3.7519965277777776,19.696266974722224,13.144778445318806,64.67486942397261,0.603695467222218,250.24980833666663,ENE,75.0,27.7611,87.0,0.0,242.0,15,30,0
2021-07-09 00:00:00,-4.172793842638892,0.7015625,0.4913194444444444,-2.220486111111111,20.047176735694467,17.308228088427835,86.2322482504261,0.6002659730555603,167.6088846629166,ENE,75.0,30.1751,86.0,0.0,199.0,15,30,0
2021-07-09 12:00:00,0.10966312111111264,0.2269965277777778,0.6328993055555555,3.1753472222222223,20.372252522083357,11.313078874704631,63.04652689737938,0.6035600090277746,228.44846238472184,NE,52.5,27.7611,85.0,1.207,228.0,10,30,0
2021-07-10 00:00:00,-2.3694431501388933,0.8112847222222223,0.7165798611111112,-2.487065972222222,19.585683135138947,11.381941013498281,65.0139304153554,0.6016184743055539,146.28815130361113,ENE,75.0,26.5541,87.0,0.0,37.0,10,25,0
2021-07-10 12:00:00,2.0137382796131043,0.26404389880952384,0.8126860119047619,2.5640811011904763,16.897890586160724,13.879657300358302,48.12698381088154,0.6028355278273769,166.67539672842258,NE,52.5,25.3471,72.0,2.414,45.0,15,25,0
2021-07-11 00:00:00,-0.06736053180555501,0.7674479166666667,0.8602430555555556,-1.8018229166666666,17.69593509444447,15.89991386826993,50.81210523740589,0.6004301619444461,175.62452550125002,NE,52.5,27.7611,80.0,0.0,2.0,15,30,0
2021-07-11 12:00:00,0.18885014791667096,0.5314236111111111,0.9366319444444444,3.827864583333333,35.84123140361109,14.56617615682688,30.521602601458284,0.6020433177777692,219.63452068722214,NNE,30.0,27.7611,355.0,4.828,24.0,15,30,5
2021-07-12 00:00:00,-3.128348083333345,1.2448784722222221,1.0043402777777777,-1.0763888888888888,56.816026426527856,25.985106697438653,17.436098069095323,0.5986753931944407,51.9387428234722,N,7.5,59.1432,358.0,12.07,34.0,25,60,10
2021-07-12 12:00:00,-2.5313471212500014,0.9375,1.065625,-1.478125,85.95260997124994,64.75486756993608,2.9521127055968464,0.6004588949999998,255.81622842999997,N,7.5,191.9138,0.0,35.0031,8.0,65,190,35
2021-07-13 12:00:00,-4.249097012796222,0.34735387045813587,1.1259873617693523,-1.0687203791469195,100.17909117677726,29.711211253641753,342.01258140668403,0.5967995458135893,104.38585527551331,NNW,345.0,60.3502,321.0,10.863,356.0,30,60,10
2021-07-14 00:00:00,-7.0043834747222,0.23940972222222223,1.125,-1.9526909722222223,98.54705551263888,31.65600716742607,351.7043366893764,0.5935876448611181,95.69621002541662,NNW,345.0,54.3152,347.0,16.8981,1.0,30,55,15
2021-07-14 12:00:00,-6.716369861805561,0.006857638888888889,1.1223958333333333,-2.286545138888889,78.33379062347227,30.85101774082909,359.6627485601099,0.594673334722228,262.0044525077776,N,7.5,57.9362,332.0,19.3121,0.0,30,60,20
2021-07-15 00:00:00,-8.26084346652778,-0.3060763888888889,1.0651909722222221,-4.687673611111111,48.47982147611117,25.004850348508075,44.281464590216274,0.5937723694444459,173.3463662127778,NE,52.5,38.6242,34.0,19.3121,33.0,25,40,20
2021-07-15 12:00:00,-4.447907508472221,-0.9542534722222222,1.000173611111111,-4.9782118055555555,40.032714794027896,17.93460642328174,31.66663238754677,0.5970232622222265,257.9640454144443,NNE,30.0,28.9681,32.0,8.449,18.0,20,30,10
2021-07-16 00:00:00,-7.9362901969444275,-1.4375868055555556,0.8677951388888889,-7.1741319444444445,27.588568319027864,20.631709374086956,39.561400359321794,0.5941705279166688,174.54382332000014,NNE,30.0,28.9681,37.0,12.07,11.0,20,30,10
2021-07-16 12:00:00,-4.7452012136111135,-2.17578125,0.6944444444444444,-6.944444444444445,26.996760425833358,18.4174508851535,32.971444887488786,0.5983860102777848,222.27924363249977,NNE,30.0,27.7611,42.0,12.07,33.0,20,30,10
2021-07-17 00:00:00,-4.825430811527791,-2.594097222222222,0.47274305555555557,-8.115972222222222,25.211301965833375,20.611446425726022,43.962231584317806,0.5981520411111106,149.23699415138887,NE,52.5,26.5541,48.0,14.4841,24.0,20,25,15
2021-07-17 12:00:00,-1.155630122638889,-3.050520833333333,0.24097222222222223,-6.708506944444444,19.701204885416654,17.459717496873285,44.39001849832965,0.6019304379166602,221.06006231875014,NE,52.5,25.3471,60.0,12.07,23.0,15,25,10
2021-07-18 00:00:00,-2.178953501111117,-3.124739583333333,0.011024305555555556,-7.936197916666667,17.157660116388918,13.526120509943633,52.53033507671681,0.6015404788888887,152.8402308002778,NE,52.5,25.3471,55.0,0.0,33.0,15,25,0
2021-07-18 12:00:00,0.14910772097222186,-3.4298611111111112,-0.18975694444444444,-6.450694444444444,21.886623757083353,16.667110552151648,44.68110606151896,0.6024476324999929,222.81688144222255,NE,52.5,26.5541,51.0,10.863,25.0,15,25,10
2021-07-19 00:00:00,-3.5122767887500097,-3.361892361111111,-0.37612847222222223,-7.365104166666667,32.953632730555576,22.491535417289143,47.390715018301705,0.5984927330555546,150.3339845387501,NE,52.5,31.3821,43.0,14.4841,49.0,20,30,15
2021-07-19 12:00:00,-1.4532218625000006,-3.506597222222222,-0.5203993055555556,-5.929427083333334,27.763133105277817,20.83876670526124,33.76620650096251,0.5998944956944516,262.27055348055546,NNE,30.0,31.3821,58.0,12.07,20.0,20,30,10
2021-07-20 00:00:00,-3.5145557498611217,-3.4071180555555554,-0.6548611111111111,-7.814930555555556,19.03145000875006,16.42772611886305,66.18290737768375,0.5988888387500028,175.59465536750008,ENE,75.0,31.3821,46.0,0.0,128.0,15,30,0
2021-07-20 12:00:00,2.1666039958100565,-3.686277932960894,-0.7545391061452514,-5.788756983240224,13.642654027234654,14.799031192784918,48.2009149875249,0.6037556494413381,262.9957843526535,NE,52.5,27.7611,58.0,0.0,232.0,15,30,0
2021-07-21 00:00:00,-0.5377454584722225,-3.525520833333333,-0.8618055555555556,-7.349045138888889,24.049790225000024,13.55655713424702,45.95092809113285,0.6032069920833278,171.2392745451388,NE,52.5,27.7611,61.0,0.0,352.0,15,30,0
2021-07-21 12:00:00,2.7244718488888817,-3.6245659722222223,-0.9487847222222222,-3.6518229166666667,22.67755884888893,14.02316517400671,53.66311581663713,0.6064620294444497,260.34267097124956,NE,52.5,25.3471,78.0,7.242000000000001,37.0,15,25,5
2021-07-22 00:00:00,-1.4977161531944452,-3.0605034722222224,-1.0000868055555556,-5.714670138888889,23.872385612083388,16.290733795024,88.92283879535027,0.6041716022222197,172.59150518152774,E,97.5,28.9681,84.0,0.0,129.0,15,30,0
2021-07-22 12:00:00,4.144906653749999,-2.97734375,-1.0,-0.5766493055555556,20.537397123611136,10.241927272509185,75.90169754982762,0.6073465743055575,259.5878113305552,ENE,75.0,26.5541,77.0,0.0,129.0,10,25,0
2021-07-23 00:00:00,-1.5368180726388867,-2.0674479166666666,-0.9714409722222223,-3.9856770833333335,30.59690216166673,18.76440139881631,49.658349680654055,0.6016102695833349,174.8452258284722,NE,52.5,35.0031,30.0,0.0,347.0,20,35,0
2021-07-23 12:00:00,-0.40624372763888905,-1.9542534722222222,-0.8373263888888889,0.4048611111111111,31.812137554722348,17.184952716127544,28.647245229466762,0.601959170972217,241.98978674194416,NNE,30.0,26.5541,352.0,6.035,30.0,15,25,5
2021-07-24 00:00:00,-5.755922473194447,-1.2390625,-0.7037326388888889,-4.201128472222222,39.66895162194448,22.351693829763203,25.252475997163174,0.5960606851388917,136.23058425958334,NNE,30.0,55.5222,343.0,16.8981,11.0,20,55,15
2021-07-24 12:00:00,-5.965076808749993,-1.7199652777777779,-0.5467013888888889,-3.3772569444444445,42.728974609166755,30.020943826037193,345.8647603750487,0.5959785923611141,265.98511647583314,NNW,345.0,74.8343,324.0,12.07,50.0,30,75,10
2021-07-25 00:00:00,-8.390751180000022,-2.1428819444444445,-0.49852430555555555,-9.337152777777778,33.96854353249999,21.425516026020038,23.61619875036854,0.5937210504166708,177.60671130902776,NNE,30.0,35.0031,45.0,10.863,21.0,20,35,10
2021-07-25 12:00:00,-6.606020516666658,-3.2258680555555554,-0.5342881944444444,-4.903385416666667,32.526132321527875,26.83221897427394,344.4229673734443,0.5944639822222247,268.1655213816668,NNW,345.0,60.3502,308.0,13.2771,349.0,25,60,15
2021-07-26 00:00:00,-11.257718780972219,-3.3359375,-0.6895833333333333,-11.108680555555555,33.27831644875004,21.663117465220854,24.008528017865274,0.5902197216666685,178.2502430319445,NNE,30.0,36.2102,17.0,14.4841,33.0,20,35,15
2021-07-26 12:00:00,-8.680313990694435,-4.434982638888889,-0.8584201388888889,-7.396614583333333,41.86043162069448,25.692614798680992,352.0255588119462,0.5924957601388872,269.4797417868058,NNW,345.0,57.9362,354.0,12.07,3.0,25,60,10
2021-07-27 00:00:00,-10.491216993333355,-4.675347222222222,-1.1089409722222223,-12.56814236111111,33.22959428722232,20.839455591941768,31.384720805122726,0.5911699375000065,181.89420948347214,NNE,30.0,37.4172,11.0,4.828,49.0,20,35,5
2021-07-27 12:00:00,-7.5313283483333215,-5.459722222222222,-1.3557291666666667,-5.783854166666667,33.33820719555562,19.648486410236103,19.5546043606399,0.5939160168055597,271.4510692281946,NNE,30.0,39.8312,325.0,10.863,10.0,20,40,10
2021-07-28 00:00:00,-9.551787809722224,-4.893923611111111,-1.60390625,-11.401041666666666,20.59774351375003,18.245284693674996,40.88016322786791,0.5921694490277839,182.88801836680557,NNE,30.0,31.3821,34.0,7.242000000000001,6.0,20,30,5
2021-07-28 12:00:00,-4.885133862777784,-5.471614583333333,-1.7518229166666666,-4.468576388888889,20.922215304166684,15.709006672664497,35.702507706666324,0.5959129302777832,274.20440831083334,NNE,30.0,24.1401,53.0,9.656,16.0,15,25,10
2021-07-29 00:00:00,-8.331048228472216,-4.492274305555555,-1.8823784722222223,-9.046875,35.03147713833337,21.59253292320898,46.97193545903923,0.5930047844444513,179.05126419388893,NE,52.5,33.7961,15.0,8.449,15.0,20,35,10
2021-07-29 12:00:00,-4.4682106925000005,-4.7907118055555555,-1.9144097222222223,-4.117881944444444,47.26939683875001,25.23995939268012,335.67386345625937,0.5962843925000045,263.9160391822222,NNW,345.0,66.3853,355.0,6.035,10.0,25,65,5
2021-07-30 00:00:00,-6.117879670833334,-4.068923611111111,-1.937673611111111,-7.3484375,65.13278701944446,9.076825843568828,53.211770096528554,0.5963890636111157,136.03779613249986,NE,52.5,18.1051,44.0,0.0,90.0,10,20,0
2021-07-30 12:00:00,-4.708035779583333,-4.103385416666667,-1.9375,-2.1377604166666666,69.35987425263907,4.147793278774956,121.23987596187558,0.5970683945833376,214.4726821347223,ESE,120.0,31.3821,226.0,0.0,120.0,5,30,0
2021-07-31 00:00:00,-8.109038627222235,-3.139236111111111,-1.9072048611111112,-5.395052083333334,67.97648488569445,4.7758273482593765,117.60212980057273,0.5950796872222235,179.28206771236103,ESE,120.0,27.7611,83.0,0.0,241.0,5,30,0
2021-07-31 12:00:00,-2.984840324027781,-3.3092881944444446,-1.8125,-1.2238715277777779,41.39827045152779,10.103165998834724,61.656348333165056,0.5999027051388865,268.0949229701388,NE,52.5,38.6242,101.0,0.0,303.0,10,40,0
2021-08-01 00:00:00,-6.491932283055553,-2.485763888888889,-1.734201388888889,-4.629774305555555,40.753724366250104,8.637669602058898,112.94353382521078,0.5984865759722227,182.2879319379167,ESE,120.0,41.0382,135.0,0.0,163.0,10,40,0
2021-08-01 12:00:00,-0.032518890694444406,-2.6506944444444445,-1.6160590277777778,0.11666666666666667,32.636758543055585,10.8652091360136,59.05091185186822,0.6025009943055513,270.2020195811111,NE,52.5,30.1751,83.0,1.207,292.0,10,30,0
2021-08-02 00:00:00,-3.545613911666669,-1.7926215277777777,-1.5221354166666667,-3.1873263888888888,34.01015551986114,5.588505467277333,43.06945718465994,0.600633345694448,181.32399169708336,NE,52.5,24.1401,63.0,0.0,360.0,5,25,0
2021-08-02 12:00:00,1.1919296844444462,-1.7508680555555556,-1.3693576388888888,2.6894965277777776,34.59962161861115,9.819406361775927,48.98819448987501,0.6035846398611073,267.1689966852777,NE,52.5,27.7611,65.0,0.0,30.0,10,30,0
2021-08-03 00:00:00,-2.852221475694454,-0.7079861111111111,-1.2198784722222222,-1.617013888888889,39.64091359541669,18.768914569277594,57.51963831186595,0.5999519618055582,177.25915077722223,NE,52.5,32.5891,59.0,3.6210000000000004,338.0,20,35,5
2021-08-03 12:00:00,0.7851299499999986,-0.9582787958115183,-1.0512107329842932,1.1218913612565444,56.03896083429321,17.996501799494506,32.94417692017322,0.6028158651832455,299.03323047146625,NNE,30.0,218.4679,43.0,0.0,360.0,20,220,0
2021-08-12 00:00:00,-6.966732703034485,-2.083965517241379,-1.093793103448276,-5.312586206896552,67.2868378248276,21.75767511370736,6.606110708162589,0.5947280059310361,193.35153481917214,N,7.5,223.2959,282.0,8.449,359.0,20,225,10
2021-08-12 12:00:00,-5.920761233333331,-2.4243055555555557,-0.8914930555555556,-2.209548611111111,28.966638303472287,21.573217623225467,348.3598312822388,0.5952130934722286,289.0137910637498,NNW,345.0,50.6942,348.0,10.863,0.0,20,50,10
2021-08-13 00:00:00,-8.992205817916656,-2.3539930555555557,-0.93671875,-8.268836805555555,74.20565239902785,20.146899944172656,39.03112187545884,0.5940966368055569,197.3688496183331,NNE,30.0,31.3821,35.0,13.2771,46.0,20,30,15
2021-08-13 12:00:00,-3.2951382237499987,-3.1708333333333334,-0.9615451388888889,-1.7094618055555555,113.05823808680614,18.957451673691793,17.30846952996589,0.5988908911111183,287.3004203574998,N,7.5,36.2102,30.0,8.449,360.0,20,35,10
2021-08-14 00:00:00,-4.68369576444444,-2.1831597222222223,-1.0603298611111112,-4.065104166666667,112.67521069388827,23.40940432665253,26.300419973368435,0.5975650658333302,195.38666227111085,NNE,30.0,42.2452,31.0,10.863,0.0,25,40,10
2021-08-14 12:00:00,-2.102671214583333,-2.174392361111111,-1.0215277777777778,-0.37569444444444444,113.358094486528,19.421530777118118,358.94176897950206,0.6000689463888874,286.727487875,N,7.5,43.4522,318.0,6.035,10.0,20,45,5
2021-08-15 00:00:00,-3.752548693472233,-1.3791666666666667,-0.9831597222222223,-1.6983506944444444,112.94284349041624,25.019223303339672,22.83841066265049,0.5988724198611095,131.6579777261111,NNE,30.0,41.0382,0.0,16.8981,5.0,25,40,15
2021-08-15 12:00:00,-0.884270293333333,-1.1167534722222223,-0.8722222222222222,1.2186631944444444,113.68185631902803,16.274387041863132,11.96838938539895,0.601205954444438,257.50515982541623,N,7.5,32.5891,356.0,7.242000000000001,293.0,15,35,5
2021-08-16 00:00:00,-3.0286047688888855,-0.5337673611111111,-0.7439236111111112,-1.3623263888888888,113.12720993263854,18.986713690255304,46.01039273451934,0.5995127565277808,196.4537843786108,NE,52.5,26.5541,36.0,9.656,3.0,20,25,10
2021-08-16 12:00:00,-0.3841829293055574,-0.4787326388888889,-0.5948784722222222,2.1538194444444443,113.79858605152796,19.748052913350882,7.001594683016492,0.6014214523611048,287.3954564894444,N,7.5,43.4522,0.0,9.656,8.0,20,45,10
2021-08-17 00:00:00,-2.4186339461103223,0.09503182461103253,-0.45199787835926447,-1.1056400282885432,113.2946156975951,20.128008529333666,40.80765630833156,0.6006293425742623,190.95181357057987,NNE,30.0,28.9681,56.0,14.4841,17.0,20,30,15
2021-08-17 12:00:00,1.7448085361111099,0.08671875,-0.29574652777777777,3.823003472222222,114.33231518416659,11.646103670755188,9.38622631503057,0.6037139397222202,294.5584888852776,N,7.5,37.4172,290.0,0.0,238.0,10,35,0
2021-08-18 00:00:00,-1.8824641062499916,0.8521701388888889,-0.15303819444444444,-0.8482638888888889,113.44321520930535,17.114189059080093,40.50648708638158,0.6008036916666714,205.00434329638884,NNE,30.0,22.9331,49.0,10.863,12.0,15,25,10
2021-08-18 12:00:00,-0.9890635209722219,0.4778645833333333,0.033680555555555554,2.7703125,113.61951780652856,18.298385380095386,350.2922801867436,0.6014358188888871,296.17139159583314,NNW,345.0,47.0732,338.0,2.414,278.0,20,45,0
2021-08-19 00:00:00,-5.813197427361104,0.8511284722222222,0.16501736111111112,-1.4833333333333334,97.3870409202778,17.18224922665921,24.126461241026078,0.5970930227777768,173.31649741444448,NNE,30.0,38.6242,347.0,9.656,42.0,15,40,10
2021-08-19 12:00:00,-3.4936866759722167,0.15529513888888888,0.29149305555555555,-0.6394097222222223,55.17388402388898,16.83664975936182,359.39094376948304,0.5986938644444435,127.51982172777777,N,7.5,54.3152,337.0,2.414,277.0,15,55,0
2021-08-20 00:00:00,-3.428933870277788,-0.05520833333333333,0.3125,-2.8515625,52.12827211277772,18.24857425933266,40.44573428042116,0.5986897597222219,204.02954265152775,NNE,30.0,27.7611,48.0,10.863,360.0,20,30,10
2021-08-20 12:00:00,1.8214779909722236,-0.19635416666666666,0.3068576388888889,3.5436631944444446,32.188616385833406,13.881458050295263,30.03155871570192,0.6019406997222144,294.26794984277757,NNE,30.0,24.1401,36.0,6.035,82.0,15,25,5
2021-08-21 00:00:00,-1.0163677890277785,0.8285590277777778,0.3072916666666667,-0.53046875,29.192796869027788,17.961222822347974,44.79626709038308,0.5995969033333368,208.27088042499994,NE,52.5,31.3821,47.0,8.449,2.0,20,30,10
2021-08-21 12:00:00,0.29207922499999717,0.8263888888888888,0.4173611111111111,4.62421875,37.8117768519445,19.149611407947294,12.688474923724641,0.6008160058333332,299.0632126780551,N,7.5,49.4872,341.0,10.863,0.0,20,50,10
2021-08-22 00:00:00,-2.7340814075000153,1.56953125,0.54453125,-0.6633680555555556,27.335102880000083,21.248399056237087,40.585828193389375,0.5984824712499996,211.2903218654167,NNE,30.0,30.1751,51.0,10.863,8.0,20,30,10
2021-08-22 12:00:00,0.589685729583334,1.1831597222222223,0.7149305555555555,4.503819444444445,31.887085759166677,19.2276041603946,13.372083809643215,0.5997836681944533,302.5361133041665,N,7.5,37.4172,327.0,10.863,49.0,20,35,10
2021-08-23 00:00:00,-3.887625307500002,1.8147569444444445,0.8163194444444445,-0.52890625,36.75161950097228,26.339705128597192,15.870413691066858,0.5946979431944505,213.63907811027772,N,7.5,56.7292,355.0,15.6911,47.0,25,55,15
2021-08-23 12:00:00,-2.5574599783333323,1.0872395833333333,0.9540798611111111,1.2383680555555556,32.85477908791674,40.382346724340294,342.60795308806485,0.593952945138889,294.40099648041667,NNW,345.0,76.0413,358.0,14.4841,17.0,40,75,15
2021-08-24 00:00:00,-8.074077773194436,1.0061631944444445,0.9980034722222222,-2.6344618055555555,41.033013188194474,37.95569207558412,355.83384328705046,0.5867307166666658,166.45487118513884,NNW,345.0,79.6623,358.0,15.6911,0.0,40,80,15
2021-08-24 12:00:00,-7.233617458611117,0.11171875,0.9871527777777778,-1.5629340277777777,67.36076095819455,50.786852756961295,347.78415191116187,0.5853453437499986,248.80525681319486,NNW,345.0,91.7324,355.0,22.9331,345.0,50,90,25
2021-08-25 00:00:00,-14.63387533569444,-0.2565972222222222,0.8947916666666667,-5.344618055555555,85.7415300493056,15.556372273437695,0.06947694992396691,0.5836111009722234,230.650588665694,N,7.5,47.0732,338.0,0.0,240.0,15,45,0
2021-08-25 12:00:00,-7.04856484486111,-1.1160590277777778,0.7605034722222223,-1.5364583333333333,38.45756271486115,9.372295969746945,34.693407743531935,0.5923562205555543,309.06375239499965,NNE,30.0,32.5891,46.0,1.207,300.0,10,35,0
2021-08-26 00:00:00,-7.893940920416655,-1.0269965277777777,0.5753472222222222,-5.704947916666667,26.78538381027785,18.62491560967375,46.80838943994249,0.5921714934722299,221.71445520388912,NE,52.5,27.7611,65.0,10.863,45.0,20,30,10
2021-08-26 12:00:00,-3.377542696249999,-1.6514756944444444,0.4136284722222222,-0.19105902777777778,24.363739811944473,10.127078105269725,14.660194460991363,0.5955722543055626,311.36634850180553,N,7.5,37.4172,260.0,9.656,348.0,10,35,10
2021-08-27 00:00:00,-7.177683083750002,-0.9272569444444444,0.25546875,-4.16640625,21.851973590138925,13.693611315866255,81.56791165753621,0.5942444100000024,221.2745731136112,ENE,75.0,28.9681,95.0,0.0,360.0,15,30,0
2021-08-27 12:00:00,-1.9386963748611123,-1.2151909722222223,0.17369791666666667,1.8477430555555556,20.87408654208337,10.96707506567538,33.4032112672281,0.5988744722222297,311.3826400634721,NNE,30.0,28.9681,357.0,0.0,45.0,10,30,0
2021-08-28 00:00:00,-5.397793568194438,-0.2345486111111111,0.12526041666666668,-2.4190104166666666,19.673368193194488,12.666184662675722,90.34708818889825,0.5979981129166676,214.62202662333354,E,97.5,27.7611,87.0,1.207,105.0,15,30,0
2021-08-28 12:00:00,2.992941877638881,-0.19600694444444444,0.18203125,5.011197916666666,19.185320063611147,6.784964671761917,62.31038150225888,0.6042147158333329,305.95470623486113,NE,52.5,28.9681,91.0,0.0,209.0,5,30,0
2021-08-29 00:00:00,-1.0543972756944462,1.1925347222222222,0.2669270833333333,-0.09140625,22.43031348416671,12.848319971247001,70.69637458739774,0.601846291249997,221.6031282031947,ENE,75.0,28.9681,90.0,0.0,77.0,15,30,0
2021-08-29 12:00:00,1.4730168195833322,1.3319444444444444,0.4774305555555556,7.235677083333333,28.67928563569448,14.760732583507561,14.991705128487666,0.6032131636111054,309.92451095388867,N,7.5,41.0382,348.0,1.207,3.0,15,40,0
2021-08-30 00:00:00,-3.017983833611108,2.431857638888889,0.6978298611111111,0.16892361111111112,30.982864751527813,22.13181988615213,39.1806544074781,0.5994552904166692,225.27967774541676,NNE,30.0,37.4172,5.0,14.4841,52.0,20,35,15
2021-08-30 12:00:00,1.1062780270833377,1.8711805555555556,0.9651909722222223,5.6071180555555555,28.310446796527792,17.567147426144587,13.349876276592,0.6027821677777725,313.2887979779167,N,7.5,55.5222,15.0,12.07,304.0,20,55,10
2021-08-31 00:00:00,-2.93300234611112,2.4842013888888888,1.1381076388888889,-0.0842013888888889,41.05956771958335,20.653516785105314,31.068616189503615,0.5998165059722249,223.45769504597237,NNE,30.0,38.6242,3.0,13.2771,61.0,20,40,15
2021-08-31 12:00:00,1.0664014600000022,1.9864583333333334,1.3015625,5.622222222222222,29.980998097222265,13.819715514784509,8.29877693975044,0.6028150055555495,306.0633178745833,N,7.5,37.4172,352.0,6.035,4.0,15,35,5
2021-09-01 00:00:00,-1.961472408611109,2.633072916666667,1.417795138888889,-0.04739583333333333,40.032746584444496,16.735868857463483,35.48755752733226,0.5991084413888867,108.20028172861107,NNE,30.0,45.8662,344.0,0.0,269.0,15,45,0
2021-09-01 12:00:00,-0.21523281902777597,1.7756076388888888,1.5532118055555555,1.9313368055555555,51.518418581527776,28.120740422000946,349.97216159542506,0.6009186238888824,173.57445447986098,NNW,345.0,55.5222,358.0,13.2771,15.0,30,55,15
2021-09-02 00:00:00,-2.416233125139675,1.6668121508379887,1.5629364525139664,-1.2566340782122905,39.32653121648051,15.993821984543644,42.29322428714761,0.6000902962290537,228.38676813296055,NE,52.5,32.5891,40.0,3.6210000000000004,325.0,15,35,5
2021-09-02 12:00:00,2.47937347902778,1.4953993055555554,1.5599826388888889,5.556770833333333,21.4815240991667,14.405799432838641,346.19845772074086,0.6037303586111087,320.6934936273612,NNW,345.0,44.6592,310.0,6.035,323.0,15,45,5
2021-09-03 00:00:00,-1.3164024305555588,2.4485243055555554,1.5755208333333333,-0.17092013888888888,26.829740262916694,18.647038009371787,32.75779505780591,0.6009083620833392,234.12892266569406,NNE,30.0,35.0031,338.0,8.449,348.0,20,35,10
2021-09-03 12:00:00,1.1991990334722158,2.1209201388888888,1.6833333333333333,5.9449652777777775,20.72127612958336,24.196102238404528,339.1606593420229,0.601647212083333,324.88052434847225,NNW,345.0,43.4522,324.0,9.656,351.0,25,45,10
2021-09-04 00:00:00,-3.9810231376388963,2.7840277777777778,1.7597222222222222,-0.6113715277777778,26.5270758258334,17.55174762055783,29.422059632502084,0.5970232465277817,234.09633806444424,NNE,30.0,30.1751,19.0,4.828,34.0,20,30,5
2021-09-04 12:00:00,3.550661779722228,2.2618055555555556,1.8745659722222223,6.891927083333333,13.12140311638889,6.511109521800191,3.66786102837429,0.6040094797222209,324.13924099819445,N,7.5,33.7961,270.0,1.207,357.0,5,35,0
2021-09-05 00:00:00,-0.8066027997222195,3.2827256944444443,1.9405381944444444,0.5856770833333333,21.545878974722278,20.864348655446047,34.85976334349482,0.6002228734722262,236.6677514172218,NNE,30.0,45.8662,352.0,14.4841,52.0,20,45,15
2021-09-05 12:00:00,1.812659744444447,2.747482638888889,2.0890625,6.069878472222222,22.825685664861126,27.002459702124227,354.9504704612007,0.6017231494444374,323.95188316152786,NNW,345.0,54.3152,342.0,13.2771,8.0,25,55,15
2021-09-06 00:00:00,-1.6986180366666686,3.2475694444444443,2.169791666666667,0.13975694444444445,20.97270706222223,31.03335301838973,11.642187387930875,0.5984763091666648,159.6747037941667,N,7.5,56.7292,350.0,14.4841,28.0,30,55,15
2021-09-06 12:00:00,0.10681801652778088,2.4902777777777776,2.250347222222222,4.356423611111111,23.19719479236114,34.18451134860176,338.7098538266853,0.5982608161111155,339.36678221458317,NNW,345.0,73.6273,330.0,13.2771,0.0,35,75,15
2021-09-07 00:00:00,-6.638866130277772,2.8477430555555556,2.2671006944444443,-0.26319444444444445,31.22103961500005,26.9624700403208,356.0202189617231,0.5923562109722288,240.32529484499975,NNW,345.0,61.5573,334.0,14.4841,0.0,25,60,15
2021-09-07 12:00:00,-4.336500541944447,2.0776909722222223,2.2996527777777778,2.2984375,24.556752896944463,28.705576081463537,356.6100076736971,0.6026507897222272,331.1013323393053,N,7.5,76.0413,355.0,14.4841,34.0,30,75,15
2021-09-08 00:00:00,-5.35385049763889,2.0000868055555556,2.25,-2.254861111111111,19.936571706805587,17.849267399198613,29.497408506738566,0.5949627001388893,237.74845170638866,NNE,30.0,36.2102,35.0,7.242000000000001,13.0,20,35,5
2021-09-08 12:00:00,0.3054557645833322,1.481076388888889,2.1809895833333335,4.3805555555555555,21.41977898500002,16.324436152382987,346.0073150480215,0.6016964605555526,326.6536299840278,NNW,345.0,43.4522,317.0,7.242000000000001,333.0,15,45,5
2021-09-09 00:00:00,-2.131733235277776,2.267013888888889,2.1052951388888888,-0.7915798611111111,22.822241839444466,14.655384430771257,38.212519897038305,0.6016246168055546,239.36950073152758,NNE,30.0,26.5541,55.0,8.449,6.0,15,25,10
2021-09-09 12:00:00,1.4550820255555548,2.0497395833333334,2.1227430555555555,6.059635416666667,21.27913321708337,17.387076893886185,355.0632777741943,0.6014358188888815,326.66449219847215,NNW,345.0,54.3152,317.0,4.828,360.0,15,55,5
2021-09-10 00:00:00,-1.8762226663888808,2.92890625,2.150607638888889,-0.09288194444444445,25.39201265347224,13.26979937537778,54.3212972229766,0.6035086758333345,241.09373224430527,NE,52.5,26.5541,89.0,2.414,358.0,15,25,0
2021-09-10 12:00:00,2.3924853336111087,2.6714409722222223,2.2488715277777778,7.773871527777778,24.260827755416695,17.129991759697024,5.094119109342785,0.6021295169444366,329.52101369194446,N,7.5,39.8312,349.0,6.035,4.0,15,40,5
2021-09-11 00:00:00,-1.3455686681944417,3.763107638888889,2.3301215277777776,1.2299479166666667,31.829155341666794,24.248301779898537,24.907902840599263,0.605208023611111,237.30856789333328,NNE,30.0,61.5573,353.0,12.07,23.0,25,60,10
2021-09-11 12:00:00,-0.3785074754166631,3.1985243055555554,2.4907118055555557,5.904253472222222,28.339692808055602,36.209089360391175,341.4451917774958,0.6031926184722276,326.7405192808333,NNW,345.0,72.4203,309.0,18.1051,360.0,35,70,20
2021-09-12 00:00:00,-5.8600006094444455,3.4142361111111112,2.580208333333333,-0.7090277777777778,46.616988237777754,34.145896031934406,350.47950011223395,0.5947082219444477,247.18149122180552,NNW,345.0,70.0063,309.0,20.5191,352.0,35,70,20
2021-09-12 12:00:00,-2.2087454145833294,2.3769965277777776,2.631857638888889,2.9091145833333334,28.84426069694449,32.25295671936536,336.57041596847125,0.60855950555556,324.54925200902755,NNW,345.0,83.2834,316.0,12.07,21.0,30,85,10
2021-09-13 00:00:00,-6.402318164027762,2.391840277777778,2.5652777777777778,-1.7431423611111112,43.968740626944445,29.506123470942903,348.7010895496478,0.5939570651388958,244.3303998350002,NNW,345.0,61.5573,321.0,8.449,348.0,30,60,10
2021-09-13 12:00:00,-3.260877545972221,1.6434027777777778,2.5130208333333335,2.172482638888889,25.383842842222247,27.248018365502517,337.199473064093,0.6398968440277828,337.0451778212499,NNW,345.0,70.0063,346.0,9.656,11.0,25,70,10
2021-09-14 00:00:00,-6.488699899861112,1.8196180555555554,2.393576388888889,-2.5349826388888888,26.848834940416722,19.37160329518125,23.42199800942737,0.5992357179166695,252.95155641930555,NNE,30.0,54.3152,331.0,9.656,360.0,20,55,10
2021-09-14 12:00:00,-2.4075171452777773,1.1727430555555556,2.3118055555555554,2.2942708333333335,24.841276331250047,27.889945326618523,343.94489558271914,0.6196360395833377,340.30356636041654,NNW,345.0,61.5573,342.0,10.863,7.0,30,60,10
2021-09-15 00:00:00,-7.005307020555548,1.5556423611111112,2.195052083333333,-2.6480034722222223,26.916736552777834,17.046601856646365,23.04760798105363,0.6024907452777788,254.97447342416652,NNE,30.0,51.9012,344.0,9.656,40.0,15,50,10
2021-09-15 12:00:00,-0.9326822798611107,1.0181423611111111,2.1288194444444444,2.9736979166666666,20.248412612777788,18.256492083650357,342.7745430780125,0.6235683537500046,341.7616957133333,NNW,345.0,49.4872,324.0,8.449,79.0,20,50,10
2021-09-16 00:00:00,-3.2912056922222277,1.6421875,2.056770833333333,-1.81875,18.63270818236114,18.380698156059616,28.570195458134776,0.6142178355555534,258.43379782166653,NNE,30.0,51.9012,348.0,3.6210000000000004,16.0,20,50,5
2021-09-16 12:00:00,1.2317168766666606,1.35546875,2.0292534722222224,4.490451388888889,20.005405800416675,26.269160086275242,352.2569041505013,0.6092963154166628,344.91961942458323,NNW,345.0,61.5573,330.0,9.656,70.0,25,60,10
2021-09-17 00:00:00,-1.4791706734722339,2.1640625,2.015625,-0.8620659722222223,15.358638291666688,24.68836659011366,32.333655944346106,0.6072460113888919,259.9027885770832,NNE,30.0,51.9012,340.0,12.07,2.0,25,50,10
2021-09-17 12:00:00,3.6011739615277825,1.9361979166666667,2.0625,5.973090277777778,15.610196382500014,29.095498686841328,349.6104118782729,0.6046190213888845,348.9708908659722,NNW,345.0,61.5573,338.0,13.2771,85.0,30,60,15
2021-09-18 00:00:00,0.6194627091666638,2.9021701388888888,2.115104166666667,0.5301215277777778,17.090065799583357,29.29364741452261,18.787908960108723,0.605105414027781,215.19496071625008,NNE,30.0,60.3502,0.0,13.2771,23.0,30,60,15
2021-09-18 12:00:00,4.476490993472216,2.4796875,2.2420138888888888,4.828645833333334,14.729954985972253,34.44353128290954,354.0610937944899,0.5961920687499985,191.73183618638873,NNW,345.0,62.7643,357.0,18.1051,1.0,35,65,20
2021-09-19 00:00:00,1.92855037583333,2.9592881944444445,2.3059895833333335,1.6690972222222222,14.340527378611126,28.024161710840605,14.143453824630257,0.6100043725000012,203.0275878751388,N,7.5,50.6942,335.0,19.3121,26.0,30,50,20
2021-09-19 12:00:00,1.8119744909722177,2.8276041666666667,2.394791666666667,4.252864583333333,16.683101180555568,28.172738222990862,345.26535279826015,0.6108643040277736,89.73607196263896,NNW,345.0,55.5222,348.0,12.07,68.0,30,55,10
2021-09-20 00:00:00,-0.11315076972221737,2.7706597222222222,2.4641493055555554,-0.7663194444444444,16.616471136666707,18.80735160496231,28.602842281315247,0.6047524058333354,263.6580825820832,NNE,30.0,49.4872,328.0,13.2771,50.0,20,50,15
2021-09-20 12:00:00,4.984026406944441,2.4707465277777776,2.484982638888889,7.260677083333333,16.863716500972227,19.59195984068149,343.54006283938986,0.6038822333333316,351.3467998918061,NNW,345.0,57.9362,305.0,8.449,97.0,20,60,10
2021-09-21 00:00:00,1.7052150716666672,3.740798611111111,2.5033854166666667,2.4129340277777778,34.618578542222245,19.98787000141206,4.682244741527057,0.5795536444444469,172.43130276666668,N,7.5,63.9713,358.0,3.6210000000000004,352.0,20,65,5
2021-09-21 12:00:00,3.3608424798611054,3.62421875,2.6611979166666666,7.352430555555555,24.962339987222236,30.053400397078306,339.93613785764285,0.6072439684722183,318.14108691666655,NNW,345.0,65.1783,334.0,10.863,4.0,30,65,10
2021-09-22 00:00:00,-2.3245467265277884,4.243229166666667,2.7967881944444444,1.5360243055555556,26.643731385277782,34.22498571146515,357.4134732324576,0.6268500505555561,269.5937858686111,N,7.5,79.6623,349.0,9.656,352.0,35,80,10
2021-09-22 12:00:00,1.2498155423611181,3.524392361111111,2.9358506944444445,5.891840277777778,13.973023685694432,29.479946467863453,350.4364782159019,0.6135446802777726,353.5163453016667,NNW,345.0,77.2483,358.0,8.449,31.0,30,75,10
2021-09-23 00:00:00,-1.1561664162500036,3.780295138888889,2.9969618055555554,0.17022569444444444,16.94873126791669,19.45210537694018,34.28922478809412,0.5899446906944461,271.7877675723611,NNE,30.0,39.8312,338.0,9.656,356.0,20,40,10
2021-09-23 12:00:00,8.205228237062943,2.8430944055944054,3.0625,5.461538461538462,7.944719172727271,19.619193754411402,328.8990378375042,0.6060178363636357,931.4029041055944,NW,322.5,45.8662,268.0,1.207,340.0,20,45,0
